{
    "stopList":[
        ["东川路地铁站", 121.426661, 31.023079],
        ["菁菁堂", 121.436534, 31.02475],
        ["校医院", 121.439911, 31.025764],
        ["东上院", 121.445463, 31.028007],
        ["东中院", 121.444457, 31.030127],
        ["新图书馆", 121.443954, 31.03155],
        ["行政B楼", 121.447601, 31.032742],
        ["电信学院", 121.448751, 31.03155],
        ["凯旋门", 121.452308, 31.029431],
        ["机动学院", 121.454608, 31.032633],
        ["庙门", 121.453566, 31.035001],
        ["船建学院", 121.451589, 31.036842],
        ["文选医学楼", 121.448607, 31.037383],
        ["学生服务中心", 121.43957,  31.034351],
        ["西区学生公寓", 121.435797, 31.033144],
        ["第四餐饮大楼", 121.433264, 31.031349],
        ["华联生活中心", 121.436839, 31.03087],
        ["包玉刚图书馆", 121.437037, 31.028997],
        ["材料学院", 121.434486, 31.027922]
    ],
    "startTime": {
        "direct1": [7, 30, 7, 45, 8, 0, 8, 15, 8, 25, 8, 40, 9, 0, 9, 20, 9, 40, 10, 0, 10, 20, 10, 40, 11, 0, 11, 20, 11, 40, 12, 0, 13, 0, 13, 20, 13, 40, 14, 0, 14, 20, 14, 40, 15, 0, 15, 20, 15, 40, 16, 0, 16, 20, 16, 30, 17, 0, 17, 15, 17, 30, 17, 50, 18, 0, 19, 0, 20, 10],
        "direct2": [8, 30, 8, 50, 9, 10, 9, 30, 10, 0, 10, 30, 11, 0, 11, 30, 12, 30, 13, 30, 14, 0, 14, 30, 15, 0, 15, 30, 16, 0, 16, 30],
        "festival_direct1": [8, 15, 9, 30, 10, 30, 11, 30, 15, 0, 16, 30, 18, 0],
        "festival_direct2": [8, 45, 10, 0, 11, 0, 12, 0, 14, 0, 16, 0, 17, 15],
        "direct1_blue": 6,
        "direct2_blue": 1,
        "festival_direct1_blue": 2,
        "festival_direct2_blue": 1
    },
    "dongchuanTime": {
        "direct1": [7, 24, 7, 39, 7, 54, 8, 9, 17, 3, 17, 28, 17, 58, 18, 43, 19, 28, 20, 28],
        "festival_direct1": [8, 9],
        "direct1_red": 6,
        "festival_direct1_red": 3    
    },
    "stopTime":{
        "菁菁堂": {
            "direct1_diff": 0,
            "direct2_diff": 0
        },
        "校医院": {
            "direct1_diff": 0,
            "direct2_diff": 17
        },
        "东上院": {
            "direct1_diff": 2,
            "direct2_diff": -2
        },
        "东中院": {
            "direct1_diff": 1,
            "direct2_diff": 0
        },
        "新图书馆": {
            "direct1_diff": 1,
            "direct2_diff": -2
        },
        "行政B楼":{
            "direct1_diff": 1,
            "direct2_diff": 0
        },
        "电信学院": {
            "direct1_diff": 1,
            "direct2_diff": -1
        },
        "凯旋门": {
            "direct1_diff": 1,
            "direct2_diff": -1
        },
        "机动学院": {
            "direct1_diff": 1,
            "direct2_diff": -1
        },
        "庙门": {
            "direct1_diff": 1,
            "direct2_diff": -1
        },
        "船建学院": {
            "direct1_diff": 1,
            "direct2_diff": -1
        },
        "文选医学楼":{
            "direct1_diff": 1,
            "direct2_diff": -1
        },
        "学生服务中心": {
            "direct1_diff": 1,
            "direct2_diff": -1
        },
        "西区学生公寓": {
            "direct1_diff": 1,
            "direct2_diff": -1
        },
        "第四餐饮大楼":{
            "direct1_diff": 1,
            "direct2_diff": -1
         },
        "华联生活中心": {
            "direct1_diff": 1,
            "direct2_diff": -1
        },
        "包玉刚图书馆": {
            "direct1_diff": 1,
            "direct2_diff": -1
        },
        "材料学院": {
            "direct1_diff": 1,
            "direct2_diff": -1
        }
    },
    "lineList": [
        [121.436534, 31.02475],
        [121.439911, 31.025764],
        [121.445535, 31.027412],
        [121.445301, 31.027984],
        [121.444331, 31.030104],
        [121.443774, 31.031605],
        [121.448373, 31.033121],
        [121.448319, 31.032285],
        [121.448733, 31.03162],
        [121.449308, 31.031001],
        [121.450996, 31.030661],
        [121.451535, 31.029284],
        [121.454302, 31.030135],
        [121.454626, 31.030305],
        [121.455093, 31.030877],
        [121.454913, 31.031759],
        [121.453601, 31.034761],
        [121.452973, 31.035519],
        [121.452218, 31.036308],
        [121.451481, 31.03671],
        [121.449972, 31.037329],
        [121.448553, 31.037252],
        [121.432905, 31.032162],
        [121.433551, 31.030668],
        [121.436498, 31.031659],
        [121.437486, 31.029114],
        [121.434432, 31.028061],
        [121.436354, 31.024859],
        [121.43657,  31.02475],
        [121.437037, 31.024905],
        [121.437504, 31.023729],
        [121.428215, 31.020681],
        [121.427515, 31.020503],
        [121.426437, 31.022932],
        [121.426661, 31.023079],
        [121.427218, 31.022352],
        [121.427488, 31.022445],
        [121.428215, 31.020681]
    ]
}