{
    "stopList":[
        ["东川路地铁站", 121.426814, 31.023853],
        ["菁菁堂", 121.436534, 31.02475],
        ["校医院", 121.439911, 31.025764],
        ["东上院", 121.445463, 31.028007],
        ["东中院", 121.444457, 31.030127],
        ["新图书馆", 121.443954, 31.03155],
        ["行政B楼", 121.447601, 31.032742],
        ["电信学院", 121.448751, 31.03155],
        ["凯旋门", 121.452308, 31.029431],
        ["机动学院", 121.454608, 31.032633],
        ["庙门", 121.453566, 31.035001],
        ["船建学院", 121.451589, 31.036842],
        ["文选医学楼", 121.448607, 31.037383],
        ["学生服务中心", 121.43957,  31.034351],
        ["西区学生公寓", 121.435797, 31.033144],
        ["第四餐饮大楼", 121.433264, 31.031349],
        ["华联生活中心", 121.436839, 31.03087],
        ["包玉刚图书馆", 121.437037, 31.028997],
        ["材料学院", 121.434486, 31.027922]
    ],
    "stopTime":{
        "东川路地铁站": {
            "direct1": [7, 24, 7, 39, 7, 54, 8, 9, 17, 3, 17, 28, 17, 58, 18, 43, 19, 28, 20, 28],
            "festival_direct1": [8, 24, 16, 58, 17, 43, 18, 28],
            "metro_station": true,
            "direct1_red": 6,
            "festival_direct1_red": 3
        },
        "菁菁堂": {
            "direct1": [7, 30, 7, 45, 8, 0, 8, 15, 8, 25, 8, 40, 9, 0, 9, 20, 9, 40, 10, 0, 10, 20, 10, 40, 11, 0, 11, 20, 11, 40, 12, 0, 13, 0, 13, 20, 13, 40, 14, 0, 14, 20, 14, 40, 15, 0, 15, 20, 15, 40, 16, 0, 16, 10, 16, 30, 16, 35, 17, 0, 17, 30, 18, 15, 19, 0, 20, 0],
            "direct2": [8, 30, 8, 50, 9, 10, 9, 30, 10, 0, 10, 30, 11, 0, 11, 30, 12, 30, 13, 30, 14, 0, 14, 30, 15, 0, 15, 30, 16, 0, 16, 35],
            "festival_direct1": [8, 30, 9, 30, 10, 30, 11, 30, 15, 0, 16, 30, 18, 0],
            "festival_direct2": [9, 0, 10, 0, 11, 0, 12, 0, 14, 0, 16, 0, 17, 15],
            "direct1_blue": 6,
            "direct2_blue": 1,
            "festival_direct1_blue": 2,
            "festival_direct1_blue": 1
        },
        "校医院": {
            "direct1": [7, 30, 7, 45, 8, 0, 8, 15, 8, 25, 8, 40, 9, 0, 9, 20, 9, 40, 10, 0, 10, 20, 10, 40, 11, 0, 11, 20, 11, 40, 12, 0, 13, 0, 13, 20, 13, 40, 14, 0, 14, 20, 14, 40, 15, 0, 15, 20, 15, 40, 16, 0, 16, 10, 16, 30, 16, 35, 17, 0, 17, 30, 18, 15, 19, 0, 20, 0],
            "direct2": [8, 50, 9, 10, 9, 30, 9, 50, 10, 20, 10, 50, 11, 20, 11, 50, 12, 50, 13, 50, 14, 20, 14, 50, 15, 20, 15, 50, 16, 20, 16, 55],
            "festival_direct1": [8, 30, 9, 30, 10, 30, 11, 30, 15, 0, 16, 30, 18, 0],
            "festival_direct2": [9, 20, 10, 20, 11, 20, 12, 20, 14, 20, 16, 20, 17, 35],
            "direct1_blue": 6,
            "direct2_blue": 1,
            "festival_direct1_blue": 2,
            "festival_direct1_blue": 1
        },
        "东上院": {
            "direct1": [7, 32, 7, 47, 8, 2, 8, 17, 8, 27, 8, 42, 9, 2, 9, 22, 9, 42, 10, 2, 10, 22, 10, 42, 11, 2, 11, 22, 11, 42, 12, 2, 13, 2, 13, 22, 13, 42, 14, 2, 14, 22, 14, 42, 15, 2, 15, 22, 15, 42, 16, 2, 16, 12, 16, 32, 16, 37, 17, 2, 17, 32, 18, 17, 19, 2, 20, 2],
            "direct2": [8, 48, 9, 8, 9, 28, 9, 48, 10, 18, 10, 48, 11, 18, 11, 48, 12, 48, 13, 48, 14, 18, 14, 48, 15, 18, 15, 48, 16, 18, 16, 53],
            "festival_direct1": [8, 32, 9, 32, 10, 32, 11, 32, 15, 2, 16, 32, 18, 2],
            "festival_direct2": [9, 18, 10, 18, 11, 18, 12, 18, 14, 18, 16, 18, 17, 33],
            "direct1_blue": 6,
            "direct2_blue": 1,
            "festival_direct1_blue": 2,
            "festival_direct1_blue": 1
        },
        "东中院": {
            "direct1": [7, 33, 7, 48, 8, 3, 8, 18, 8, 28, 8, 43, 9, 3, 9, 23, 9, 43, 10, 3, 10, 23, 10, 43, 11, 3, 11, 23, 11, 43, 12, 3, 13, 3, 13, 23, 13, 43, 14, 3, 14, 23, 14, 43, 15, 3, 15, 23, 15, 43, 16, 3, 16, 13, 16, 33, 16, 38, 17, 3, 17, 33, 18, 18, 19, 3, 20, 3],
            "direct2": [8, 48, 9, 8, 9, 28, 9, 48, 10, 18, 10, 48, 11, 18, 11, 48, 12, 48, 13, 48, 14, 18, 14, 48, 15, 18, 15, 48, 16, 18, 16, 53],
            "festival_direct1": [8, 33, 9, 33, 10, 33, 11, 33, 15, 3, 16, 33, 18, 3],
            "festival_direct2": [9, 18, 10, 18, 11, 18, 12, 18, 14, 18, 16, 18, 17, 33],
            "direct1_blue": 6,
            "direct2_blue": 1,
            "festival_direct1_blue": 2,
            "festival_direct1_blue": 1
        },
        "新图书馆": {
            "direct1": [7, 34, 7, 49, 8, 4, 8, 19, 8, 29, 8, 44, 9, 4, 9, 24, 9, 44, 10, 4, 10, 24, 10, 44, 11, 4, 11, 24, 11, 44, 12, 4, 13, 4, 13, 24, 13, 44, 14, 4, 14, 24, 14, 44, 15, 4, 15, 24, 15, 44, 16, 4, 16, 14, 16, 34, 16, 39, 17, 4, 17, 34, 18, 19, 19, 4, 20, 4],
            "direct2": [8, 46, 9, 6, 9, 26, 9, 46, 10, 16, 10, 46, 11, 16, 11, 46, 12, 46, 13, 46, 14, 16, 14, 46, 15, 16, 15, 46, 16, 16, 16, 51],
            "festival_direct1": [8, 34, 9, 34, 10, 34, 11, 34, 15, 4, 16, 34, 18, 4],
            "festival_direct2": [9, 16, 10, 16, 11, 16, 12, 16, 14, 16, 16, 16, 17, 31],
            "direct1_blue": 6,
            "direct2_blue": 1,
            "festival_direct1_blue": 2,
            "festival_direct1_blue": 1
        },
        "行政B楼":{
            "direct1": [7, 35, 7, 50, 8, 5, 8, 20, 8, 30, 8, 45, 9, 5, 9, 25, 9, 45, 10, 5, 10, 25, 10, 45, 11, 5, 11, 25, 11, 45, 12, 5, 13, 5, 13, 25, 13, 45, 14, 5, 14, 25, 14, 45, 15, 5, 15, 25, 15, 45, 16, 5, 16, 15, 16, 35, 16, 40, 17, 5, 17, 35, 18, 20, 19, 5, 20, 5],
            "direct2": [8, 46, 9, 6, 9, 26, 9, 46, 10, 16, 10, 46, 11, 16, 11, 46, 12, 46, 13, 46, 14, 16, 14, 46, 15, 16, 15, 46, 16, 16, 16, 51],
            "festival_direct1": [8, 35, 9, 35, 10, 35, 11, 35, 15, 5, 16, 35, 18, 5],
            "festival_direct2": [9, 16, 10, 16, 11, 16, 12, 16, 14, 16, 16, 16, 17, 31],
            "direct1_blue": 6,
            "direct2_blue": 1,
            "festival_direct1_blue": 2,
            "festival_direct1_blue": 1
        },
        "电信学院": {
            "direct1": [7, 36, 7, 51, 8, 6, 8, 21, 8, 31, 8, 46, 9, 6, 9, 26, 9, 46, 10, 6, 10, 26, 10, 46, 11, 6, 11, 26, 11, 46, 12, 6, 13, 6, 13, 26, 13, 46, 14, 6, 14, 26, 14, 46, 15, 6, 15, 26, 15, 46, 16, 6, 16, 16, 16, 36, 16, 41, 17, 6, 17, 36, 18, 21, 19, 6, 20, 6],
            "direct2": [8, 45, 9, 5, 9, 25, 9, 45, 10, 15, 10, 45, 11, 15, 11, 45, 12, 45, 13, 45, 14, 15, 14, 45, 15, 15, 15, 45, 16, 15, 16, 50],
            "festival_direct1": [8, 36, 9, 36, 10, 36, 11, 36, 15, 6, 16, 36, 18, 6],
            "festival_direct2": [9, 15, 10, 15, 11, 15, 12, 15, 14, 15, 16, 15, 17, 30],
            "direct1_blue": 6,
            "direct2_blue": 1,
            "festival_direct1_blue": 2,
            "festival_direct1_blue": 1
        },
        "凯旋门": {
            "direct1": [7, 37, 7, 52, 8, 7, 8, 22, 8, 32, 8, 47, 9, 7, 9, 27, 9, 47, 10, 7, 10, 27, 10, 47, 11, 7, 11, 27, 11, 47, 12, 7, 13, 7, 13, 27, 13, 47, 14, 7, 14, 27, 14, 47, 15, 7, 15, 27, 15, 47, 16, 7, 16, 17, 16, 37, 16, 42, 17, 7, 17, 37, 18, 22, 19, 7, 20, 7],
            "direct2": [8, 43, 9, 3, 9, 23, 9, 43, 10, 13, 10, 43, 11, 13, 11, 43, 12, 43, 13, 43, 14, 13, 14, 43, 15, 13, 15, 43, 16, 13, 16, 48],
            "festival_direct1": [8, 37, 9, 37, 10, 37, 11, 37, 15, 7, 16, 37, 18, 7],
            "festival_direct2": [9, 13, 10, 13, 11, 13, 12, 13, 14, 13, 16, 13, 17, 28],
            "direct1_blue": 6,
            "direct2_blue": 1,
            "festival_direct1_blue": 2,
            "festival_direct1_blue": 1
        },
        "机动学院": {
            "direct1": [7, 38, 7, 53, 8, 8, 8, 23, 8, 33, 8, 48, 9, 8, 9, 28, 9, 48, 10, 8, 10, 28, 10, 48, 11, 8, 11, 28, 11, 48, 12, 8, 13, 8, 13, 28, 13, 48, 14, 8, 14, 28, 14, 48, 15, 8, 15, 28, 15, 48, 16, 8, 16, 18, 16, 38, 16, 43, 17, 8, 17, 38, 18, 23, 19, 8, 20, 8],
            "direct2": [8, 42, 9, 2, 9, 22, 9, 42, 10, 12, 10, 42, 11, 12, 11, 42, 12, 42, 13, 42, 14, 12, 14, 42, 15, 12, 15, 42, 16, 12, 16, 47],
            "festival_direct1": [8, 38, 9, 38, 10, 38, 11, 38, 15, 8, 16, 38, 18, 8],
            "festival_direct2": [9, 12, 10, 12, 11, 12, 12, 12, 14, 12, 16, 12, 17, 27],
            "direct1_blue": 6,
            "direct2_blue": 1,
            "festival_direct1_blue": 2,